{"cameraMode":{"drawMode":0,"name":"Shaded","section":"Shading Mode"},"sceneLighting":true,"audioPlay":false,"sceneViewState":{"showFog":true,"showMaterialUpdate":false,"showSkybox":true,"showFlares":true,"showImageEffects":true,"showParticleSystems":true},"in2DMode":false,"pivot":{"x":537.5330810546875,"y":416.24371337890627,"z":528.93505859375},"rotation":{"x":-0.18132618069648744,"y":0.10070137679576874,"z":-0.01866898313164711,"w":-0.9780763387680054},"size":1755.7728271484375,"orthographic":false}